23:25:52 | 02.05.2026,admin,Успешный вход
23:25:52 | 02.05.2026,admin,Посещение главной страницы
23:45:23 | 02.05.2026,admin,Посещение главной страницы
23:45:23 | 02.05.2026,admin,Посещение главной страницы
23:45:30 | 02.05.2026,admin,Выход из системы
23:45:37 | 02.05.2026,admin,Успешный вход
23:45:37 | 02.05.2026,admin,Посещение главной страницы
23:45:46 | 02.05.2026,admin,Выход из системы
23:45:51 | 02.05.2026,admin,Неудачная попытка входа
23:45:57 | 02.05.2026,admin,Успешный вход
23:45:57 | 02.05.2026,admin,Посещение главной страницы
00:02:11 | 03.05.2026,admin,Посещение главной страницы
00:02:18 | 03.05.2026,admin,Выход из системы
00:02:23 | 03.05.2026,admin,Успешный вход
00:02:23 | 03.05.2026,admin,Посещение главной страницы
00:05:01 | 03.05.2026,admin,Посещение главной страницы
00:09:52 | 03.05.2026,admin,Посещение главной страницы
00:10:42 | 03.05.2026,admin,Выход из системы
00:34:54 | 03.05.2026,admin,Успешно залогинился
00:34:54 | 03.05.2026,admin,Открыл главную страницу
00:34:57 | 03.05.2026,admin,Вышел из аккаунта
00:41:32 | 03.05.2026,admin,Успешно залогинился
00:41:32 | 03.05.2026,admin,Открыл главную страницу
00:41:34 | 03.05.2026,admin,Вышел из аккаунта
00:41:38 | 03.05.2026,s,Пытался войти с неверным паролем
00:45:10 | 03.05.2026,admin,Успешно залогинился
00:45:15 | 03.05.2026,admin,Открыл главную страницу
00:45:20 | 03.05.2026,admin,Посещение главной страницы
00:46:02 | 03.05.2026,admin,Вышел из аккаунта
00:47:11 | 03.05.2026,s,Пытался войти с неверным паролем
00:47:30 | 03.05.2026,s,Пытался войти с неверным паролем
00:49:15 | 03.05.2026,admin,Успешный вход
00:49:20 | 03.05.2026,admin,Посещение главной страницы
00:50:12 | 03.05.2026,admin,Посещение главной страницы
00:52:40 | 03.05.2026,admin,Выход из системы
00:55:01 | 03.05.2026,admin,Успешно залогинился
00:55:10 | 03.05.2026,admin,Открыл главную страницу
00:57:33 | 03.05.2026,admin,Посещение главной страницы
01:02:15 | 03.05.2026,admin,Посещение главной страницы
01:05:40 | 03.05.2026,admin,Вышел из аккаунта
01:10:12 | 03.05.2026,admin,Неудачная попытка входа
01:12:05 | 03.05.2026,admin,Успешный вход
01:12:10 | 03.05.2026,admin,Посещение главной страницы
01:15:22 | 03.05.2026,admin,Посещение главной страницы
01:20:45 | 03.05.2026,admin,Выход из системы
01:25:10 | 03.05.2026,admin,Успешно залогинился
01:25:14 | 03.05.2026,admin,Открыл главную страницу
01:28:30 | 03.05.2026,admin,Посещение главной страницы
01:30:12 | 03.05.2026,admin,Посещение главной страницы
01:32:05 | 03.05.2026,admin,Посещение главной страницы
01:35:44 | 03.05.2026,admin,Вышел из аккаунта
01:40:11 | 03.05.2026,s,Пытался войти с неверным паролем
01:41:05 | 03.05.2026,s,Пытался войти с неверным паролем
01:45:20 | 03.05.2026,admin,Успешный вход
01:45:25 | 03.05.2026,admin,Посещение главной страницы
01:50:18 | 03.05.2026,admin,Выход из системы
01:55:00 | 03.05.2026,admin,Неудачная попытка входа
01:56:12 | 03.05.2026,admin,Успешный вход
01:56:15 | 03.05.2026,admin,Посещение главной страницы
01:58:40 | 03.05.2026,admin,Посещение главной страницы
02:05:10 | 03.05.2026,admin,Выход из системы
02:10:33 | 03.05.2026,admin,Успешно залогинился
02:10:38 | 03.05.2026,admin,Открыл главную страницу
02:12:45 | 03.05.2026,admin,Посещение главной страницы
02:15:00 | 03.05.2026,admin,Посещение главной страницы
02:18:22 | 03.05.2026,admin,Вышел из аккаунта
02:22:15 | 03.05.2026,s,Пытался войти с неверным паролем
02:25:40 | 03.05.2026,admin,Успешный вход
02:25:45 | 03.05.2026,admin,Посещение главной страницы
02:30:12 | 03.05.2026,admin,Выход из системы
02:35:10 | 03.05.2026,admin,Успешно залогинился
02:35:15 | 03.05.2026,admin,Открыл главную страницу
02:38:22 | 03.05.2026,admin,Посещение главной страницы
02:40:05 | 03.05.2026,admin,Посещение главной страницы
02:42:18 | 03.05.2026,admin,Выход из системы
02:45:33 | 03.05.2026,s,Пытался войти с неверным паролем
02:48:12 | 03.05.2026,admin,Успешный вход
02:48:17 | 03.05.2026,admin,Посещение главной страницы
02:50:44 | 03.05.2026,admin,Посещение главной страницы
02:52:10 | 03.05.2026,admin,Выход из системы
02:55:01 | 03.05.2026,admin,Неудачная попытка входа
02:56:40 | 03.05.2026,admin,Успешный вход
